id,name,model_id:id,group_id:id,perm_read,perm_write,perm_create,perm_unlink
access_iber_ciceksepeti_config_user,iber.marketplace.ciceksepeti.config user,model_iber_marketplace_ciceksepeti_config,iber_marketplace_ciceksepeti.group_ciceksepeti_user,1,0,0,0
access_iber_ciceksepeti_config_manager,iber.marketplace.ciceksepeti.config manager,model_iber_marketplace_ciceksepeti_config,iber_marketplace_ciceksepeti.group_ciceksepeti_manager,1,1,1,1
access_iber_ciceksepeti_order_user,iber.marketplace.ciceksepeti.order user,model_iber_marketplace_ciceksepeti_order,iber_marketplace_ciceksepeti.group_ciceksepeti_user,1,1,0,0
access_iber_ciceksepeti_order_manager,iber.marketplace.ciceksepeti.order manager,model_iber_marketplace_ciceksepeti_order,iber_marketplace_ciceksepeti.group_ciceksepeti_manager,1,1,1,1
access_iber_ciceksepeti_order_line_user,iber.marketplace.ciceksepeti.order.line user,model_iber_marketplace_ciceksepeti_order_line,iber_marketplace_ciceksepeti.group_ciceksepeti_user,1,0,0,0
access_iber_ciceksepeti_order_line_manager,iber.marketplace.ciceksepeti.order.line manager,model_iber_marketplace_ciceksepeti_order_line,iber_marketplace_ciceksepeti.group_ciceksepeti_manager,1,1,1,1
access_iber_ciceksepeti_listing_user,iber.marketplace.ciceksepeti.listing user,model_iber_marketplace_ciceksepeti_listing,iber_marketplace_ciceksepeti.group_ciceksepeti_user,1,1,0,0
access_iber_ciceksepeti_listing_manager,iber.marketplace.ciceksepeti.listing manager,model_iber_marketplace_ciceksepeti_listing,iber_marketplace_ciceksepeti.group_ciceksepeti_manager,1,1,1,1
access_iber_ciceksepeti_sync_wizard_user,iber.marketplace.ciceksepeti.sync.wizard user,model_iber_marketplace_ciceksepeti_sync_wizard,iber_marketplace_ciceksepeti.group_ciceksepeti_user,1,1,1,1
